841,840,839,838,839,839,838,837,836,837,836,835,834,835,836,835,835,834,834,835,836,835,835,836,835,834,834,833,833,832,831,830,831,830,829,829,828,827,827,826,826,825,826,827,826,825,824,823,824,824,824,823,822,822,821,820,819,819,818,817,816,815,816,817,816,816,816,815,814,815,814,813,812,811,810,809,808,808,807,806,805,805,806,805,806,805,804,803,802,801,801,802,802,803,802,802,801,800,799,800,799,798,797,797,798,797,796,796,795,794,793,792,793,794,793,792,791,790,790,789,789,789,788,788,787,786,787,787,786,785,784,783,783,782,781,781,780,779,779,779,778,778,779,780,779,778,777,776,775,774,773,772,771,770,770,769,768,769,768,768,767,767,766,765,765,766,766,765,764,764,763,763,764,763,764,763,762,761,760,759,759,759,758,757,758,757,758,757,756,757,758,758,759,758,759,758,757,758,759,759,760,761,760,759,758,757,756,756,755,754,755,754,753,752,753,753,752,751,750,749,748,747,746,746,745,745,744,744,743,742,741,740,739,738,737,736,736,737,738,737,738,739,738,738,739,740,739,740,741,742,741,740,741,740,741,742,743,742,742,741,740,739,738,739,738,737,736,736,735,734,733,732,731,731,731,730,729,728,727,726,727,728,727,727,726,725,724,723,724,723,722,721,721,722,722,721,722,722,723,724,724,723,724,725,726,727,726,726,725,725,724,723,722,721,722,721,721,722,721,720,719,718,717,718,717,717,716,717,716,715,714,714,713,713,714,713,714,715,716,715,714,713,713,712,711,711,710,711,711,710,709,708,707,706,705,705,704,703,702,702,702,701,700,699,698,697,697,696,695,694,694,695,695,694,693,692,692,691,691,690,690,690,689,688,688,687,687,686,686,685,685,684,684,683,682,681,681,681,680,679,679,678,677,676,675,675,675,674,674,673,673,672,672,673,673,672,671,672,671,672,671,670,669,669,668,667,668,667,666,665,665,664,663,662,663,662,662,663,664,663,663,662,662,661,660,660,659,659,658,659,658,657,657,656,656,655,654,653,652,651,650,650,650,650,649,648,648,647,647,646,645,644,644,643,642,641,640,640,639,639,639,638,637,636,636,636,635,635,635,634,633,632,632,632,633,632,632,632,633,632,633,634,634,635,635,635,634,633,632,631,630,629,630,629,628,628,627,626,626,625,624,625,626,625,624,623,623,622,622,621,620,619,618,617,616,615,616,615,614,613,613,612,611,610,609,608,607,606,606,605,604,603,603,602,601,601,600
52,53,54,54,55,56,57,56,56,55,55,56,56,57,57,58,59,60,61,60,61,62,63,62,61,62,63,63,62,61,61,62,62,61,61,60,61,60,59,59,60,61,61,62,62,62,63,64,64,65,66,67,67,68,68,68,69,70,71,70,71,72,73,74,74,75,76,75,74,74,75,76,75,74,73,74,75,76,75,76,77,76,77,78,78,79,80,79,80,79,78,79,78,77,76,77,77,77,76,76,77,77,78,79,80,81,81,80,80,81,82,82,81,82,83,83,83,83,84,85,86,87,87,88,88,89,90,91,91,90,91,91,92,92,91,92,93,93,94,95,96,97,98,98,99,98,99,98,98,99,100,100,99,100,99,100,99,99,100,101,100,101,102,101,100,101,100,99,100,101,100,101,102,103,104,104,104,105,106,107,108,109,108,109,109,110,111,112,112,113,113,112,113,114,115,116,116,117,116,117,116,115,114,114,115,114,114,115,115,114,114,115,114,115,115,116,116,117,116,117,117,116,117,116,116,117,117,118,118,117,116,115,114,115,115,114,113,114,113,113,114,113,112,111,110,110,111,112,113,112,111,111,112,113,114,115,114,113,114,115,114,115,116,116,117,116,115,116,116,116,115,114,115,116,117,116,115,114,114,113,113,113,112,111,112,113,113,113,112,112,111,111,112,112,113,114,115,116,115,116,115,116,117,118,117,117,118,119,120,119,120,119,118,117,117,116,115,114,113,113,113,114,114,115,116,115,114,113,113,113,114,115,114,115,116,116,117,116,115,114,113,112,113,113,112,113,114,115,116,115,116,115,114,113,112,111,110,110,110,111,112,112,113,112,113,114,113,114,113,113,112,111,112,111,111,111,112,111,112,113,114,115,115,115,114,113,114,115,114,113,112,111,112,113,113,114,115,116,117,118,119,118,119,120,121,122,123,124,125,125,126,127,128,129,130,130,131,132,133,133,134,135,136,135,134,135,135,136,137,136,137,136,136,137,137,138,139,139,140,141,140,140,141,142,141,140,139,140,141,141,140,140,141,142,141,141,141,141,141,142,142,143,144,145,145,146,147,148,149,150,150,150,151,152,152,153,154,155,156,157,158,158,158,159,160,161,162,163,164,165,164,164,165,166,166,167,168,169,170,170,171,171,170,171,172,173,174,175,176,176,177,178,179,180,179,180,180,181,180,181,182,182,183,184,183,182,183,184,185,184,185,185,186,187,187,186,186,187,187,186,187,188,188,188,189,190,190,191,192,193,193,193,192,193,192,193,193
10.00,10.00,10.00,10.00,10.00,10.00,10.00,10.00,10.00,10.00,10.00,1.00,10.00,10.00,1.00,10.00,10.00,1.00,10.00,1.00,10.00,1.00,1.00,1.00,1.00,1.00,1.00,5.00,5.00,5.00,5.00,5.00,5.00,5.00,5.00,10.00,5.00,5.00,5.00,5.00,5.00,5.00,5.00,5.00,5.00,5.00,5.00,5.00,5.00,10.00,10.00,5.00,5.00,5.00,5.00,5.00,5.00,5.00,5.00,5.00,10.00,10.00,10.00,5.00,10.00,5.00,5.00,5.00,5.00,10.00,10.00,10.00,10.00,5.00,10.00,5.00,10.00,10.00,10.00,10.00,10.00,10.00,10.00,5.00,10.00,5.00,5.00,5.00,10.00,5.00,5.00,5.00,5.00,5.00,5.00,5.00,5.00,5.00,5.00,5.00,5.00,10.00,5.00,5.00,5.00,5.00,5.00,5.00,5.00,5.00,5.00,5.00,5.00,5.00,5.00,5.00,5.00,5.00,5.00,5.00,5.00,5.00,5.00,5.00,5.00,5.00,5.00,5.00,5.00,5.00,5.00,5.00,5.00,1.00,5.00,5.00,5.00,5.00,5.00,5.00,5.00,10.00,5.00,10.00,5.00,10.00,5.00,5.00,1.00,5.00,10.00,10.00,10.00,10.00,5.00,5.00,5.00,5.00,5.00,5.00,5.00,10.00,10.00,5.00,5.00,10.00,10.00,5.00,10.00,10.00,10.00,5.00,10.00,5.00,5.00,5.00,5.00,10.00,1.00,5.00,5.00,5.00,5.00,5.00,5.00,5.00,5.00,5.00,5.00,5.00,5.00,5.00,5.00,5.00,5.00,10.00,1.00,10.00,5.00,5.00,5.00,5.00,5.00,5.00,5.00,5.00,5.00,1.00,5.00,5.00,1.00,5.00,5.00,5.00,5.00,5.00,5.00,5.00,5.00,5.00,5.00,5.00,5.00,5.00,5.00,5.00,5.00,5.00,5.00,5.00,10.00,10.00,5.00,5.00,10.00,5.00,5.00,5.00,10.00,5.00,5.00,5.00,10.00,5.00,5.00,5.00,5.00,5.00,5.00,5.00,5.00,5.00,5.00,5.00,5.00,10.00,10.00,5.00,5.00,10.00,5.00,5.00,5.00,5.00,5.00,5.00,5.00,5.00,5.00,5.00,5.00,5.00,5.00,5.00,5.00,5.00,5.00,5.00,5.00,5.00,5.00,10.00,5.00,5.00,5.00,5.00,5.00,5.00,5.00,5.00,5.00,5.00,5.00,5.00,5.00,5.00,5.00,1.00,5.00,10.00,5.00,5.00,5.00,5.00,5.00,5.00,5.00,5.00,5.00,1.00,5.00,5.00,5.00,5.00,5.00,1.00,5.00,5.00,5.00,5.00,5.00,5.00,5.00,5.00,5.00,10.00,5.00,5.00,5.00,5.00,5.00,5.00,5.00,5.00,5.00,5.00,5.00,5.00,5.00,5.00,5.00,5.00,5.00,5.00,5.00,5.00,5.00,5.00,5.00,10.00,5.00,5.00,5.00,5.00,5.00,5.00,10.00,10.00,5.00,5.00,5.00,10.00,10.00,5.00,5.00,5.00,5.00,5.00,5.00,1.00,1249400.00,1249400.00,1.00,1249400.00,1249400.00,1249400.00,1249400.00,1249400.00,1249400.00,1249400.00,1249400.00,1249400.00,1249400.00,1249400.00,1249400.00,1249400.00,1249400.00,1249400.00,1249400.00,1249400.00,1249400.00,1249400.00,1249400.00,1249400.00,1249400.00,1249400.00,1249400.00,1249400.00,1249400.00,1249400.00,1249400.00,1249400.00,1249400.00,1249400.00,1249400.00,1249400.00,1249400.00,1249400.00,1249400.00,1249400.00,1249400.00,1249400.00,1249400.00,1249400.00,1249400.00,1249400.00,1249400.00,10.00,5.00,5.00,1.00,1.00,5.00,1.00,1.00,1.00,5.00,5.00,5.00,5.00,5.00,1.00,1.00,1.00,5.00,5.00,5.00,5.00,1.00,5.00,1.00,1.00,5.00,10.00,5.00,1.00,10.00,1.00,5.00,5.00,1.00,1.00,5.00,10.00,5.00,5.00,5.00,5.00,10.00,5.00,5.00,5.00,5.00,5.00,5.00,5.00,5.00,5.00,5.00,10.00,5.00,10.00,10.00,10.00,10.00,10.00,5.00,5.00,5.00,5.00,5.00,5.00,5.00,5.00,5.00,5.00,10.00,10.00,5.00,5.00,5.00,5.00,5.00,10.00,5.00,5.00,10.00,5.00,5.00,5.00,5.00,5.00,5.00,5.00,5.00,5.00,5.00,5.00,10.00,5.00,10.00,5.00,5.00,5.00,5.00,5.00,5.00,5.00,5.00,5.00,10.00,5.00,5.00,5.00,5.00,5.00,5.00,5.00,1.00,5.00,5.00,5.00,5.00,5.00,5.00,5.00,5.00,5.00,5.00,1.00,5.00,5.00,1.00,1.00,5.00,5.00,5.00,1.00,5.00,5.00,1.00,5.00,5.00,5.00,10.00,5.00,10.00
0.00,0.00,0.00,0.00,0.01,0.01,0.00,0.00,0.02,0.00,0.01,0.02,0.01,0.02,0.01,0.02,0.05,0.23,0.58,0.50,0.96,0.45,0.20,0.22,0.81,0.77,0.17,0.60,0.75,0.20,0.33,0.32,0.35,0.52,0.40,0.01,0.27,0.64,0.44,0.87,0.66,0.19,0.51,0.34,0.71,0.53,0.55,0.30,0.09,0.41,0.08,0.03,0.05,0.04,0.06,0.08,0.03,0.02,0.02,0.05,0.01,0.03,0.03,0.02,0.03,0.03,0.03,0.04,0.05,0.07,0.04,0.00,0.09,0.13,0.25,0.05,0.27,0.03,0.27,0.04,0.02,0.06,0.03,0.03,0.03,0.04,0.03,0.01,0.02,0.03,0.03,0.01,0.02,0.03,0.02,0.02,0.02,0.04,0.03,0.03,0.04,0.02,0.05,0.04,0.02,0.02,0.03,0.03,0.03,0.02,0.03,0.03,0.02,0.03,0.03,0.03,0.03,0.03,0.04,0.04,0.03,0.03,0.02,0.02,0.02,0.03,0.03,0.04,0.05,0.05,0.05,0.04,0.04,0.04,0.06,0.06,0.05,0.02,0.05,0.05,0.04,0.05,0.01,0.02,0.02,0.05,0.09,0.02,0.05,0.05,0.04,0.04,0.04,0.03,0.04,0.03,0.07,0.04,0.06,0.01,0.10,0.01,0.09,0.02,0.10,0.00,0.10,0.07,0.04,0.04,0.02,0.02,0.04,0.01,0.04,0.02,0.02,0.03,0.03,0.02,0.02,0.03,0.02,0.02,0.02,0.01,0.01,0.01,0.02,0.02,0.01,0.02,0.01,0.02,0.03,0.03,0.02,0.04,0.03,0.05,0.03,0.04,0.01,0.02,0.03,0.02,0.01,0.01,0.01,0.02,0.01,0.02,0.02,0.02,0.02,0.02,0.02,0.02,0.01,0.02,0.02,0.01,0.01,0.01,0.02,0.02,0.02,0.02,0.02,0.02,0.02,0.02,0.02,0.02,0.01,0.01,0.01,0.01,0.02,0.01,0.02,0.02,0.02,0.02,0.01,0.02,0.02,0.02,0.02,0.02,0.03,0.02,0.02,0.02,0.02,0.02,0.02,0.03,0.03,0.02,0.02,0.02,0.01,0.02,0.01,0.01,0.01,0.01,0.02,0.02,0.02,0.02,0.03,0.03,0.04,0.03,0.02,0.02,0.00,0.03,0.02,0.02,0.02,0.02,0.02,0.03,0.03,0.01,0.02,0.02,0.02,0.02,0.03,0.02,0.01,0.03,0.03,0.03,0.02,0.04,0.04,0.03,0.03,0.04,0.04,0.01,0.04,0.03,0.04,0.04,0.04,0.03,0.03,0.02,0.02,0.03,0.04,0.01,0.02,0.04,0.04,0.04,0.05,0.04,0.04,0.04,0.04,0.05,0.04,0.02,0.01,0.01,0.00,0.00,0.01,0.00,0.01,0.02,0.03,0.02,0.01,0.00,0.00,0.00,0.02,0.01,0.02,0.01,0.01,0.02,0.02,0.02,0.02,0.02,0.02,0.03,0.03,0.98,0.98,0.04,0.04,0.05,0.05,0.05,0.04,0.06,0.03,0.03,0.02,1.41,1249400.00,1249400.00,1.39,1249400.00,1249400.00,1249400.00,1249400.00,1249400.00,1249400.00,1249400.00,1249400.00,1249400.00,1249400.00,1249400.00,1249400.00,1249400.00,1249400.00,1249400.00,1249400.00,1249400.00,1249400.00,1249400.00,1249400.00,1249400.00,1249400.00,1249400.00,1249400.00,1249400.00,1249400.00,1249400.00,1249400.00,1249400.00,1249400.00,1249400.00,1249400.00,1249400.00,1249400.00,1249400.00,1249400.00,1249400.00,1249400.00,1249400.00,1249400.00,1249400.00,1249400.00,1249400.00,1249400.00,1.39,0.04,0.03,0.03,0.01,0.02,0.01,0.01,0.09,0.02,0.04,0.04,0.02,0.09,0.06,0.07,0.05,0.06,0.04,0.04,0.05,0.05,0.05,0.05,0.04,0.04,0.03,0.02,0.03,0.03,0.02,0.02,0.02,0.02,0.02,0.04,0.04,0.05,0.02,0.01,0.03,0.02,0.01,0.01,0.12,0.09,0.04,0.26,0.31,0.05,0.03,0.01,0.00,0.01,0.01,0.02,0.02,0.02,0.04,0.03,0.03,0.03,0.02,0.03,0.02,0.02,0.02,0.03,0.01,0.05,0.09,0.06,0.04,0.02,0.04,0.06,0.09,0.08,0.07,0.05,0.05,0.07,0.07,0.06,0.05,0.05,0.04,0.04,0.04,0.09,0.08,0.06,0.06,0.05,0.07,0.08,0.07,0.08,0.07,0.06,0.06,0.06,0.06,0.10,0.08,0.08,0.12,0.14,0.16,0.17,0.16,0.19,0.18,0.24,0.20,0.35,0.60,0.73,0.51,0.59,0.65,0.65,0.22,1.13,1.37,0.16,0.25,0.32,0.25,0.22,0.23,0.32,0.22,0.18,0.12,0.09,0.04,0.03,0.02,0.02
6.00,8.00,8.00,8.00,8.00,8.00,8.00,8.00,8.00,8.00,8.00,8.00,8.00,7.00,8.00,8.00,8.00,7.00,8.00,7.00,7.00,8.00,9.00,8.00,1.00,8.00,7.00,1.00,1.00,7.00,7.00,8.00,7.00,7.00,7.00,7.00,7.00,7.00,7.00,8.00,9.00,9.00,9.00,7.00,7.00,9.00,8.00,8.00,8.00,8.00,7.00,9.00,9.00,9.00,9.00,8.00,9.00,9.00,9.00,9.00,7.00,7.00,10.00,9.00,9.00,9.00,9.00,10.00,9.00,10.00,9.00,7.00,7.00,1.00,8.00,7.00,1.00,7.00,7.00,7.00,1.00,1.00,7.00,9.00,7.00,9.00,8.00,9.00,7.00,9.00,8.00,8.00,9.00,9.00,9.00,9.00,8.00,9.00,9.00,9.00,9.00,8.00,8.00,8.00,9.00,8.00,9.00,8.00,9.00,9.00,9.00,9.00,8.00,9.00,9.00,9.00,9.00,7.00,9.00,8.00,9.00,9.00,9.00,9.00,10.00,9.00,10.00,10.00,9.00,9.00,10.00,9.00,9.00,9.00,10.00,9.00,10.00,10.00,9.00,10.00,9.00,9.00,1.00,1.00,1.00,9.00,9.00,9.00,9.00,10.00,10.00,10.00,10.00,10.00,10.00,9.00,8.00,9.00,9.00,9.00,10.00,10.00,9.00,9.00,10.00,10.00,10.00,9.00,10.00,10.00,10.00,10.00,10.00,10.00,10.00,10.00,10.00,9.00,9.00,9.00,9.00,8.00,9.00,9.00,9.00,9.00,9.00,9.00,9.00,9.00,9.00,9.00,9.00,9.00,9.00,7.00,9.00,7.00,9.00,9.00,9.00,9.00,9.00,9.00,9.00,9.00,9.00,9.00,9.00,9.00,9.00,9.00,8.00,9.00,9.00,8.00,9.00,9.00,8.00,9.00,9.00,9.00,9.00,9.00,9.00,9.00,7.00,7.00,7.00,9.00,10.00,9.00,10.00,9.00,9.00,9.00,8.00,9.00,9.00,9.00,7.00,9.00,10.00,10.00,9.00,9.00,9.00,9.00,9.00,10.00,9.00,9.00,9.00,9.00,9.00,9.00,9.00,10.00,10.00,9.00,9.00,9.00,9.00,9.00,9.00,9.00,9.00,9.00,8.00,9.00,9.00,9.00,9.00,8.00,9.00,9.00,7.00,8.00,7.00,9.00,9.00,9.00,9.00,9.00,9.00,9.00,9.00,9.00,9.00,7.00,9.00,10.00,10.00,9.00,9.00,10.00,9.00,9.00,9.00,9.00,9.00,9.00,9.00,9.00,9.00,9.00,9.00,9.00,9.00,9.00,9.00,9.00,9.00,10.00,9.00,10.00,10.00,9.00,10.00,10.00,10.00,10.00,10.00,10.00,10.00,10.00,10.00,10.00,10.00,10.00,9.00,9.00,10.00,9.00,9.00,9.00,10.00,9.00,10.00,10.00,9.00,9.00,9.00,9.00,8.00,9.00,9.00,9.00,9.00,9.00,9.00,9.00,8.00,8.00,9.00,9.00,10.00,10.00,10.00,9.00,10.00,10.00,9.00,9.00,8.00,8.00,9.00,9.00,9.00,9.00,1249400.00,1249400.00,8.00,1249400.00,1249400.00,1249400.00,1249400.00,1249400.00,1249400.00,1249400.00,1249400.00,1249400.00,1249400.00,1249400.00,1249400.00,1249400.00,1249400.00,1249400.00,1249400.00,1249400.00,1249400.00,1249400.00,1249400.00,1249400.00,1249400.00,1249400.00,1249400.00,1249400.00,1249400.00,1249400.00,1249400.00,1249400.00,1249400.00,1249400.00,1249400.00,1249400.00,1249400.00,1249400.00,1249400.00,1249400.00,1249400.00,1249400.00,1249400.00,1249400.00,1249400.00,1249400.00,1249400.00,9.00,9.00,9.00,9.00,10.00,9.00,10.00,9.00,10.00,10.00,9.00,9.00,10.00,9.00,10.00,9.00,10.00,9.00,9.00,9.00,9.00,9.00,9.00,9.00,9.00,9.00,9.00,9.00,10.00,10.00,10.00,9.00,10.00,10.00,10.00,9.00,10.00,10.00,10.00,10.00,10.00,9.00,9.00,10.00,10.00,9.00,10.00,9.00,8.00,10.00,9.00,10.00,9.00,10.00,10.00,10.00,10.00,10.00,10.00,10.00,10.00,10.00,10.00,9.00,10.00,10.00,9.00,10.00,10.00,10.00,10.00,10.00,10.00,10.00,10.00,10.00,10.00,10.00,9.00,10.00,10.00,9.00,9.00,9.00,8.00,9.00,9.00,9.00,9.00,9.00,9.00,8.00,8.00,7.00,9.00,9.00,9.00,9.00,9.00,10.00,10.00,9.00,10.00,7.00,9.00,9.00,10.00,9.00,9.00,10.00,9.00,9.00,9.00,9.00,9.00,7.00,9.00,8.00,9.00,9.00,7.00,7.00,8.00,8.00,8.00,8.00,9.00,9.00,9.00,9.00,9.00,10.00,9.00,9.00,9.00,9.00,9.00,9.00,9.00,8.00
841,840,839,838,839,839,838,837,836,837,836,835,834,835,836,835,835,834,834,835,836,835,835,836,835,834,834,833,833,832,831,830,831,830,829,829,828,827,827,826,826,825,826,827,826,825,824,823,824,824,823,822,822,821,820,819,819,818,817,816,815,816,817,816,816,816,815,814,815,814,813,812,811,810,809,808,808,807,806,805,805,806,805,806,805,804,803,802,801,801,802,802,803,802,802,801,800,799,800,799,798,797,797,798,797,796,796,795,794,793,792,793,794,793,792,791,790,790,789,789,789,788,788,787,786,787,787,786,785,784,783,783,782,781,781,780,779,779,779,778,778,779,780,779,778,777,776,775,774,773,772,771,770,770,769,768,769,768,768,767,767,766,765,765,766,766,765,764,764,763,763,764,763,764,763,762,761,760,759,759,759,758,757,758,757,758,757,756,757,758,758,759,758,759,758,757,758,759,759,760,761,760,759,758,757,756,756,755,754,755,754,753,752,753,753,752,751,750,749,749,748,749,748,747,746,745,744,744,743,742,741,740,739,738,737,736,736,737,738,737,738,739,738,738,739,740,739,740,741,742,741,740,741,740,741,742,743,742,742,741,740,739,738,739,738,737,736,736,735,734,733,732,731,731,731,730,729,728,727,726,727,728,727,727,726,725,724,723,724,723,722,721,721,722,722,721,722,722,723,724,724,723,724,725,726,727,726,726,725,725,724,723,722,721,722,721,721,722,721,720,719,718,717,718,717,717,716,717,716,715,714,714,713,713,714,713,714,715,716,715,714,713,713,712,711,711,710,711,711,710,709,708,707,706,705,705,704,703,702,702,702,701,700,699,698,697,697,696,695,694,694,695,695,694,693,692,692,691,691,690,690,690,689,688,688,687,687,686,686,685,685,684,684,683,682,681,681,681,680,679,679,678,677,676,675,675,675,674,674,673,673,672,672,673,673,672,671,672,671,672,671,670,669,669,668,667,668,667,666,665,665,664,663,662,663,662,662,663,664,663,663,662,662,661,660,660,659,659,658,659,658,657,657,656,656,655,654,653,652,651,650,650,650,650,649,648,648,647,647,646,645,644,644,643,642,641,640,640,639,639,639,638,637,636,636,636,635,635,635,634,633,632,632,632,633,632,632,632,633,632,633,634,634,635,635,635,634,633,632,631,630,629,630,629,628,628,627,626,626,625,624,625,626,625,624,623,623,622,622,621,620,619,618,617,616,615,616,615,614,613,613,612,611,610,609,608,607,606,606,605,604,603,603,602,601,601,600
52,53,54,54,55,56,57,56,56,55,55,56,56,57,57,58,59,60,61,60,61,62,63,62,61,62,63,63,62,61,61,62,62,61,61,60,61,60,59,59,60,61,61,62,62,62,63,64,64,65,66,67,68,68,68,69,70,71,70,71,72,73,74,74,75,76,75,74,74,75,76,75,74,73,74,75,76,75,76,77,76,77,78,78,79,80,79,80,79,78,79,78,77,76,77,77,77,76,76,77,77,78,79,80,81,81,80,80,81,82,82,81,82,83,83,83,83,84,85,86,87,87,88,88,89,90,91,91,90,91,91,92,92,91,92,93,93,94,95,96,97,98,98,99,98,99,98,98,99,100,100,99,100,99,100,99,99,100,101,100,101,102,101,100,101,100,99,100,101,100,101,102,103,104,104,104,105,106,107,108,109,108,109,109,110,111,112,112,113,113,112,113,114,115,116,116,117,116,117,116,115,114,114,115,114,114,115,115,114,114,115,114,115,115,116,116,115,114,115,116,115,114,113,114,115,116,117,118,118,117,116,115,114,115,115,114,113,114,113,113,114,113,112,111,110,110,111,112,113,112,111,111,112,113,114,115,114,113,114,115,114,115,116,116,117,116,115,116,116,116,115,114,115,116,117,116,115,114,114,113,113,113,112,111,112,113,113,113,112,112,111,111,112,112,113,114,115,116,115,116,115,116,117,118,117,117,118,119,120,119,120,119,118,117,117,116,115,114,113,113,113,114,114,115,116,115,114,113,113,113,114,115,114,115,116,116,117,116,115,114,113,112,113,113,112,113,114,115,116,115,116,115,114,113,112,111,110,110,110,111,112,112,113,112,113,114,113,114,113,113,112,111,112,111,111,111,112,111,112,113,114,115,115,115,114,113,114,115,114,113,112,111,112,113,113,114,115,116,117,118,119,118,119,120,121,122,123,124,125,125,126,127,128,129,130,130,131,132,133,133,134,135,136,135,134,135,135,136,137,136,137,136,136,137,137,138,139,139,140,141,140,140,141,142,141,140,139,140,141,141,140,140,141,142,141,141,141,141,141,142,142,143,144,145,145,146,147,148,149,150,150,150,151,152,152,153,154,155,156,157,158,158,158,159,160,161,162,163,164,165,164,164,165,166,166,167,168,169,170,170,171,171,170,171,172,173,174,175,176,176,177,178,179,180,179,180,180,181,180,181,182,182,183,184,183,182,183,184,185,184,185,185,186,187,187,186,186,187,187,186,187,188,188,188,189,190,190,191,192,193,193,193,192,193,192,193,193
10.00,10.00,10.00,10.00,10.00,10.00,10.00,10.00,10.00,10.00,10.00,1.00,10.00,10.00,1.00,10.00,10.00,1.00,10.00,1.00,10.00,1.00,1.00,1.00,1.00,1.00,1.00,5.00,5.00,5.00,5.00,5.00,5.00,5.00,5.00,10.00,5.00,5.00,5.00,5.00,5.00,5.00,5.00,5.00,5.00,5.00,5.00,5.00,5.00,10.00,5.00,5.00,5.00,5.00,5.00,5.00,5.00,5.00,5.00,10.00,10.00,10.00,5.00,10.00,5.00,5.00,5.00,5.00,10.00,10.00,10.00,10.00,5.00,10.00,5.00,10.00,10.00,10.00,10.00,10.00,10.00,10.00,5.00,10.00,5.00,5.00,5.00,10.00,5.00,5.00,5.00,5.00,5.00,5.00,5.00,5.00,5.00,5.00,5.00,5.00,10.00,5.00,5.00,5.00,5.00,5.00,5.00,5.00,5.00,5.00,5.00,5.00,5.00,5.00,5.00,5.00,5.00,5.00,5.00,5.00,5.00,5.00,5.00,5.00,5.00,5.00,5.00,5.00,5.00,5.00,5.00,5.00,1.00,5.00,5.00,5.00,5.00,5.00,5.00,5.00,10.00,5.00,10.00,5.00,10.00,5.00,5.00,1.00,5.00,10.00,10.00,10.00,10.00,5.00,5.00,5.00,5.00,5.00,5.00,5.00,10.00,10.00,5.00,5.00,10.00,10.00,5.00,10.00,10.00,10.00,5.00,10.00,5.00,5.00,5.00,5.00,10.00,1.00,5.00,5.00,5.00,5.00,5.00,5.00,5.00,5.00,5.00,5.00,5.00,5.00,5.00,5.00,5.00,5.00,10.00,1.00,10.00,5.00,5.00,5.00,5.00,5.00,5.00,5.00,5.00,5.00,1.00,5.00,5.00,1.00,5.00,5.00,5.00,5.00,5.00,5.00,10.00,5.00,10.00,5.00,5.00,5.00,5.00,5.00,5.00,5.00,5.00,5.00,5.00,5.00,10.00,10.00,5.00,5.00,10.00,5.00,5.00,5.00,10.00,5.00,5.00,5.00,10.00,5.00,5.00,5.00,5.00,5.00,5.00,5.00,5.00,5.00,5.00,5.00,5.00,10.00,10.00,5.00,5.00,10.00,5.00,5.00,5.00,5.00,5.00,5.00,5.00,5.00,5.00,5.00,5.00,5.00,5.00,5.00,5.00,5.00,5.00,5.00,5.00,5.00,5.00,10.00,5.00,5.00,5.00,5.00,5.00,5.00,5.00,5.00,5.00,5.00,5.00,5.00,5.00,5.00,5.00,1.00,5.00,10.00,5.00,5.00,5.00,5.00,5.00,5.00,5.00,5.00,5.00,1.00,5.00,5.00,5.00,5.00,5.00,1.00,5.00,5.00,5.00,5.00,5.00,5.00,5.00,5.00,5.00,10.00,5.00,5.00,5.00,5.00,5.00,5.00,5.00,5.00,5.00,5.00,5.00,5.00,5.00,5.00,5.00,5.00,5.00,5.00,5.00,5.00,5.00,5.00,5.00,10.00,5.00,5.00,5.00,5.00,5.00,5.00,10.00,10.00,5.00,5.00,5.00,10.00,10.00,5.00,5.00,5.00,5.00,5.00,5.00,1.00,1249400.00,1249400.00,1.00,1249400.00,1249400.00,1249400.00,1249400.00,1249400.00,1249400.00,1249400.00,1249400.00,1249400.00,1249400.00,1249400.00,1249400.00,1249400.00,1249400.00,1249400.00,1249400.00,1249400.00,1249400.00,1249400.00,1249400.00,1249400.00,1249400.00,1249400.00,1249400.00,1249400.00,1249400.00,1249400.00,1249400.00,1249400.00,1249400.00,1249400.00,1249400.00,1249400.00,1249400.00,1249400.00,1249400.00,1249400.00,1249400.00,1249400.00,1249400.00,1249400.00,1249400.00,1249400.00,1249400.00,10.00,5.00,5.00,1.00,1.00,5.00,1.00,1.00,1.00,5.00,5.00,5.00,5.00,5.00,1.00,1.00,1.00,5.00,5.00,5.00,5.00,1.00,5.00,1.00,1.00,5.00,10.00,5.00,1.00,10.00,1.00,5.00,5.00,1.00,1.00,5.00,10.00,5.00,5.00,5.00,5.00,10.00,5.00,5.00,5.00,5.00,5.00,5.00,5.00,5.00,5.00,5.00,10.00,5.00,10.00,10.00,10.00,10.00,10.00,5.00,5.00,5.00,5.00,5.00,5.00,5.00,5.00,5.00,5.00,10.00,10.00,5.00,5.00,5.00,5.00,5.00,10.00,5.00,5.00,10.00,5.00,5.00,5.00,5.00,5.00,5.00,5.00,5.00,5.00,5.00,5.00,10.00,5.00,10.00,5.00,5.00,5.00,5.00,5.00,5.00,5.00,5.00,5.00,10.00,5.00,5.00,5.00,5.00,5.00,5.00,5.00,1.00,5.00,5.00,5.00,5.00,5.00,5.00,5.00,5.00,5.00,5.00,1.00,5.00,5.00,1.00,1.00,5.00,5.00,5.00,1.00,5.00,5.00,1.00,5.00,5.00,5.00,10.00,5.00,10.00
0.00,0.00,0.00,0.00,0.01,0.01,0.00,0.00,0.02,0.00,0.01,0.02,0.01,0.02,0.01,0.02,0.05,0.23,0.58,0.50,0.96,0.45,0.20,0.22,0.81,0.77,0.17,0.60,0.75,0.20,0.33,0.32,0.35,0.52,0.40,0.01,0.27,0.64,0.44,0.87,0.66,0.19,0.51,0.34,0.71,0.53,0.55,0.30,0.09,0.41,0.06,0.05,0.04,0.06,0.08,0.03,0.02,0.02,0.05,0.01,0.03,0.03,0.02,0.03,0.03,0.03,0.04,0.05,0.07,0.04,0.00,0.09,0.13,0.25,0.05,0.27,0.03,0.27,0.04,0.02,0.06,0.03,0.03,0.03,0.04,0.03,0.01,0.02,0.03,0.03,0.01,0.02,0.03,0.02,0.02,0.02,0.04,0.03,0.03,0.04,0.02,0.05,0.04,0.02,0.02,0.03,0.03,0.03,0.02,0.03,0.03,0.02,0.03,0.03,0.03,0.03,0.03,0.04,0.04,0.03,0.03,0.02,0.02,0.02,0.03,0.03,0.04,0.05,0.05,0.05,0.04,0.04,0.04,0.06,0.06,0.05,0.02,0.05,0.05,0.04,0.05,0.01,0.02,0.02,0.05,0.09,0.02,0.05,0.05,0.04,0.04,0.04,0.03,0.04,0.03,0.07,0.04,0.06,0.01,0.10,0.01,0.09,0.02,0.10,0.00,0.10,0.07,0.04,0.04,0.02,0.02,0.04,0.01,0.04,0.02,0.02,0.03,0.03,0.02,0.02,0.03,0.02,0.02,0.02,0.01,0.01,0.01,0.02,0.02,0.01,0.02,0.01,0.02,0.03,0.03,0.02,0.04,0.03,0.05,0.03,0.04,0.01,0.02,0.03,0.02,0.01,0.01,0.01,0.02,0.01,0.02,0.02,0.02,0.02,0.02,0.02,0.02,0.02,0.02,0.02,0.02,0.02,0.02,0.01,0.01,0.02,0.02,0.02,0.02,0.02,0.02,0.02,0.02,0.02,0.01,0.01,0.01,0.01,0.02,0.01,0.02,0.02,0.02,0.02,0.01,0.02,0.02,0.02,0.02,0.02,0.03,0.02,0.02,0.02,0.02,0.02,0.02,0.03,0.03,0.02,0.02,0.02,0.01,0.02,0.01,0.01,0.01,0.01,0.02,0.02,0.02,0.02,0.03,0.03,0.04,0.03,0.02,0.02,0.00,0.03,0.02,0.02,0.02,0.02,0.02,0.03,0.03,0.01,0.02,0.02,0.02,0.02,0.03,0.02,0.01,0.03,0.03,0.03,0.02,0.04,0.04,0.03,0.03,0.04,0.04,0.01,0.04,0.03,0.04,0.04,0.04,0.03,0.03,0.02,0.02,0.03,0.04,0.01,0.02,0.04,0.04,0.04,0.05,0.04,0.04,0.04,0.04,0.05,0.04,0.02,0.01,0.01,0.00,0.00,0.01,0.00,0.01,0.02,0.03,0.02,0.01,0.00,0.00,0.00,0.02,0.01,0.02,0.01,0.01,0.02,0.02,0.02,0.02,0.02,0.02,0.03,0.03,0.98,0.98,0.04,0.04,0.05,0.05,0.05,0.04,0.06,0.03,0.03,0.02,1.41,1249400.00,1249400.00,1.39,1249400.00,1249400.00,1249400.00,1249400.00,1249400.00,1249400.00,1249400.00,1249400.00,1249400.00,1249400.00,1249400.00,1249400.00,1249400.00,1249400.00,1249400.00,1249400.00,1249400.00,1249400.00,1249400.00,1249400.00,1249400.00,1249400.00,1249400.00,1249400.00,1249400.00,1249400.00,1249400.00,1249400.00,1249400.00,1249400.00,1249400.00,1249400.00,1249400.00,1249400.00,1249400.00,1249400.00,1249400.00,1249400.00,1249400.00,1249400.00,1249400.00,1249400.00,1249400.00,1249400.00,1.39,0.04,0.03,0.03,0.01,0.02,0.01,0.01,0.09,0.02,0.04,0.04,0.02,0.09,0.06,0.07,0.05,0.06,0.04,0.04,0.05,0.05,0.05,0.05,0.04,0.04,0.03,0.02,0.03,0.03,0.02,0.02,0.02,0.02,0.02,0.04,0.04,0.05,0.02,0.01,0.03,0.02,0.01,0.01,0.12,0.09,0.04,0.26,0.31,0.05,0.03,0.01,0.00,0.01,0.01,0.02,0.02,0.02,0.04,0.03,0.03,0.03,0.02,0.03,0.02,0.02,0.02,0.03,0.01,0.05,0.09,0.06,0.04,0.02,0.04,0.06,0.09,0.08,0.07,0.05,0.05,0.07,0.07,0.06,0.05,0.05,0.04,0.04,0.04,0.09,0.08,0.06,0.06,0.05,0.07,0.08,0.07,0.08,0.07,0.06,0.06,0.06,0.06,0.10,0.08,0.08,0.12,0.14,0.16,0.17,0.16,0.19,0.18,0.24,0.20,0.35,0.60,0.73,0.51,0.59,0.65,0.65,0.22,1.13,1.37,0.16,0.25,0.32,0.25,0.22,0.23,0.32,0.22,0.18,0.12,0.09,0.04,0.03,0.02,0.02
6.00,8.00,8.00,8.00,8.00,8.00,8.00,8.00,8.00,8.00,8.00,8.00,8.00,7.00,8.00,8.00,8.00,7.00,8.00,7.00,7.00,8.00,9.00,8.00,1.00,8.00,7.00,1.00,1.00,7.00,7.00,8.00,7.00,7.00,7.00,7.00,7.00,7.00,7.00,8.00,9.00,9.00,9.00,7.00,7.00,9.00,8.00,8.00,8.00,8.00,9.00,9.00,9.00,9.00,8.00,9.00,9.00,9.00,9.00,7.00,7.00,10.00,9.00,9.00,9.00,9.00,10.00,9.00,10.00,9.00,7.00,7.00,1.00,8.00,7.00,1.00,7.00,7.00,7.00,1.00,1.00,7.00,9.00,7.00,9.00,8.00,9.00,7.00,9.00,8.00,8.00,9.00,9.00,9.00,9.00,8.00,9.00,9.00,9.00,9.00,8.00,8.00,8.00,9.00,8.00,9.00,8.00,9.00,9.00,9.00,9.00,8.00,9.00,9.00,9.00,9.00,7.00,9.00,8.00,9.00,9.00,9.00,9.00,10.00,9.00,10.00,10.00,9.00,9.00,10.00,9.00,9.00,9.00,10.00,9.00,10.00,10.00,9.00,10.00,9.00,9.00,1.00,1.00,1.00,9.00,9.00,9.00,9.00,10.00,10.00,10.00,10.00,10.00,10.00,9.00,8.00,9.00,9.00,9.00,10.00,10.00,9.00,9.00,10.00,10.00,10.00,9.00,10.00,10.00,10.00,10.00,10.00,10.00,10.00,10.00,10.00,9.00,9.00,9.00,9.00,8.00,9.00,9.00,9.00,9.00,9.00,9.00,9.00,9.00,9.00,9.00,9.00,9.00,9.00,7.00,9.00,7.00,9.00,9.00,9.00,9.00,9.00,9.00,9.00,9.00,9.00,9.00,9.00,9.00,9.00,9.00,8.00,9.00,9.00,8.00,9.00,7.00,9.00,8.00,9.00,9.00,9.00,9.00,9.00,9.00,9.00,7.00,7.00,7.00,9.00,10.00,9.00,10.00,9.00,9.00,9.00,8.00,9.00,9.00,9.00,7.00,9.00,10.00,10.00,9.00,9.00,9.00,9.00,9.00,10.00,9.00,9.00,9.00,9.00,9.00,9.00,9.00,10.00,10.00,9.00,9.00,9.00,9.00,9.00,9.00,9.00,9.00,9.00,8.00,9.00,9.00,9.00,9.00,8.00,9.00,9.00,7.00,8.00,7.00,9.00,9.00,9.00,9.00,9.00,9.00,9.00,9.00,9.00,9.00,7.00,9.00,10.00,10.00,9.00,9.00,10.00,9.00,9.00,9.00,9.00,9.00,9.00,9.00,9.00,9.00,9.00,9.00,9.00,9.00,9.00,9.00,9.00,9.00,10.00,9.00,10.00,10.00,9.00,10.00,10.00,10.00,10.00,10.00,10.00,10.00,10.00,10.00,10.00,10.00,10.00,9.00,9.00,10.00,9.00,9.00,9.00,10.00,9.00,10.00,10.00,9.00,9.00,9.00,9.00,8.00,9.00,9.00,9.00,9.00,9.00,9.00,9.00,8.00,8.00,9.00,9.00,10.00,10.00,10.00,9.00,10.00,10.00,9.00,9.00,8.00,8.00,9.00,9.00,9.00,9.00,1249400.00,1249400.00,8.00,1249400.00,1249400.00,1249400.00,1249400.00,1249400.00,1249400.00,1249400.00,1249400.00,1249400.00,1249400.00,1249400.00,1249400.00,1249400.00,1249400.00,1249400.00,1249400.00,1249400.00,1249400.00,1249400.00,1249400.00,1249400.00,1249400.00,1249400.00,1249400.00,1249400.00,1249400.00,1249400.00,1249400.00,1249400.00,1249400.00,1249400.00,1249400.00,1249400.00,1249400.00,1249400.00,1249400.00,1249400.00,1249400.00,1249400.00,1249400.00,1249400.00,1249400.00,1249400.00,1249400.00,9.00,9.00,9.00,9.00,10.00,9.00,10.00,9.00,10.00,10.00,9.00,9.00,10.00,9.00,10.00,9.00,10.00,9.00,9.00,9.00,9.00,9.00,9.00,9.00,9.00,9.00,9.00,9.00,10.00,10.00,10.00,9.00,10.00,10.00,10.00,9.00,10.00,10.00,10.00,10.00,10.00,9.00,9.00,10.00,10.00,9.00,10.00,9.00,8.00,10.00,9.00,10.00,9.00,10.00,10.00,10.00,10.00,10.00,10.00,10.00,10.00,10.00,10.00,9.00,10.00,10.00,9.00,10.00,10.00,10.00,10.00,10.00,10.00,10.00,10.00,10.00,10.00,10.00,9.00,10.00,10.00,9.00,9.00,9.00,8.00,9.00,9.00,9.00,9.00,9.00,9.00,8.00,8.00,7.00,9.00,9.00,9.00,9.00,9.00,10.00,10.00,9.00,10.00,7.00,9.00,9.00,10.00,9.00,9.00,10.00,9.00,9.00,9.00,9.00,9.00,7.00,9.00,8.00,9.00,9.00,7.00,7.00,8.00,8.00,8.00,8.00,9.00,9.00,9.00,9.00,9.00,10.00,9.00,9.00,9.00,9.00,9.00,9.00,9.00,8.00
